Id,OverallQual,YearBuilt,TotalBsmtSF,GrLivArea,FullBath,GarageCars,SaleType
1461,5,1961,882,896,1,1,WD
1462,6,1958,1329,1329,1,1,WD
1463,5,1997,928,1629,2,2,WD
1464,6,1998,926,1604,2,2,WD
1465,8,1992,1280,1280,2,2,WD
1466,6,1993,763,1655,2,2,WD
1467,6,1992,1168,1187,2,2,WD
1468,6,1998,789,1465,2,2,WD
1469,7,1990,1300,1341,1,2,WD
1470,4,1970,882,882,1,2,WD
1471,7,1999,1405,1337,2,2,WD
1472,6,1971,483,987,1,1,COD
1473,5,1971,525,1092,1,1,WD
1474,6,1975,855,1456,2,2,WD
1475,7,1975,836,836,1,1,WD
1476,9,2009,1590,2334,2,3,New
1477,8,2009,1544,1544,2,3,New
1478,9,2005,1698,1698,2,3,WD
1479,8,2005,1822,1822,2,3,WD
1480,9,2003,2846,2696,2,3,WD
1481,8,2002,1671,2250,2,3,WD
1482,8,2006,1370,1370,2,2,WD
1483,6,2005,1324,1324,2,2,WD
1484,7,2006,1145,1145,2,2,WD
1485,7,2004,384,1374,2,2,WD
1486,7,2004,847,1733,2,2,WD
1487,8,1998,1629,2475,2,3,WD
1488,8,2005,1595,1595,2,3,WD
1489,7,2009,1218,1218,2,2,New
1490,6,2005,1468,1468,2,2,WD
1491,7,2004,831,1659,2,2,WD
1492,5,1920,816,1012,1,1,WD
1493,6,1974,1208,1494,2,2,WD
1494,8,1993,1231,2349,2,3,WD
1495,8,1992,1390,2225,2,3,WD
1496,7,2004,1488,1488,2,2,WD
1497,7,2004,840,1680,2,2,WD
1498,7,2004,600,1200,2,2,ConLD
1499,7,2004,600,1200,2,2,WD
1500,6,2005,600,1236,2,2,WD
1501,6,2000,756,1512,2,2,WD
1502,7,2003,530,1080,2,2,WD
1503,8,2010,1642,1418,1,3,New
1504,8,2000,975,1848,2,2,WD
1505,7,2002,1492,1492,2,2,WD
1506,6,1967,1829,1829,2,2,WD
1507,6,1993,1280,2495,2,2,WD
1508,6,1978,1224,1891,3,2,WD
1509,6,1971,715,1645,1,2,WD
1510,5,1966,1232,1232,1,2,WD
1511,5,1966,1209,1209,1,2,ConLD
1512,5,1967,1510,1510,2,2,WD
1513,6,1964,533,1775,2,2,COD
1514,5,1962,1728,1728,2,0,Oth
1515,5,1952,1140,2461,2,2,WD
1516,6,1949,782,1556,2,2,WD
1517,6,1966,1080,1128,1,1,WD
1518,5,1958,1604,1604,2,2,WD
1519,7,2003,1480,1480,2,2,WD
1520,5,1959,1143,1143,1,1,WD
1521,5,1959,1206,1206,1,1,WD
1522,6,1959,1244,1580,1,2,WD
1523,4,1956,832,1337,1,1,WD
1524,5,1952,864,1064,1,1,WD
1525,5,1955,972,972,1,1,WD
1526,5,1958,988,988,1,1,WD
1527,4,1920,576,985,1,2,WD
1528,6,1948,816,1224,1,1,WD
1529,5,1960,1175,1175,1,2,WD
1530,6,1963,1395,1395,1,2,WD
1531,4,1900,709,1844,1,1,COD
1532,5,1920,936,936,1,0,WD
1533,5,1957,1347,1347,1,2,WD
1534,6,1938,827,1251,1,1,WD
1535,5,1948,1027,1633,1,1,WD
1536,5,1920,1008,1245,1,1,WD
1537,2,1923,678,832,1,2,WD
1538,8,1900,930,1566,2,1,WD
1539,8,1890,346,2268,3,2,WD
1540,5,1910,840,2256,2,0,WD
1541,6,1922,738,1470,1,2,WD
1542,5,1950,988,1612,1,1,WD
1543,7,1922,1108,2068,1,1,WD
1544,4,1925,765,765,1,1,WD
1545,6,1939,608,1132,1,1,WD
1546,6,1940,572,1196,1,2,WD
1547,5,1942,835,1453,1,1,WD
1548,6,1948,780,1416,1,1,WD
1549,5,1936,528,1040,1,2,WD
1550,5,1930,928,1536,2,2,WD
1551,6,1923,1124,1068,1,1,WD
1552,4,1915,888,1962,1,2,WD
1553,6,1912,780,1560,1,0,WD
1554,6,1920,662,1324,1,1,WD
1555,5,1959,1422,1675,2,1,WD
1556,5,1917,689,1224,1,1,COD
1557,5,1915,1212,1392,1,0,ConLD
1558,6,1940,600,919,1,1,WD
1559,4,1907,707,1884,1,0,WD
1560,5,1910,856,1680,2,2,COD
1561,4,1967,1832,1832,2,0,WD
1562,5,1966,864,892,1,1,WD
1563,5,1968,864,864,1,1,WD
1564,5,1978,1319,1373,1,2,WD
1565,5,1968,720,1440,1,2,WD
1566,7,1977,1420,1483,1,2,WD
1567,4,1927,660,756,1,2,WD
1568,6,1978,1117,1981,2,2,WD
1569,3,1938,972,1610,2,1,WD
1570,6,1950,663,1074,1,1,WD
1571,4,1947,756,1531,1,1,WD
1572,5,1954,1172,1172,1,1,WD
1573,7,2009,1508,1508,1,2,Con
1574,5,1964,1250,1298,2,2,COD
1575,7,1987,1433,1433,1,2,WD
1576,6,1993,946,1802,2,4,WD
1577,7,2010,1222,1222,2,2,WD
1578,6,1900,676,1445,2,2,WD
1579,5,1996,870,965,1,2,WD
1580,7,1997,878,1692,2,2,WD
1581,5,1977,1026,1026,1,1,WD
1582,5,1972,876,876,1,2,WD
1583,8,2003,1978,1978,2,3,WD
1584,7,1997,1040,2098,2,2,WD
1585,6,2003,848,848,1,2,WD
1586,3,1945,0,640,1,1,ConLD
1587,5,1954,381,992,1,1,Oth
1588,5,1968,1196,1196,1,1,WD
1589,4,1948,744,1120,1,2,WD
1590,6,1975,1008,1096,1,1,WD
1591,4,1958,960,960,1,0,WD
1592,5,1924,1107,1296,2,1,WD
1593,6,1939,856,856,1,2,WD
1594,4,1967,0,2650,3,0,WD
1595,5,1931,894,1666,1,0,WD
1596,7,1941,1528,2133,1,1,WD
1597,5,1950,1032,2177,2,2,WD
1598,7,1994,423,1652,2,2,WD
1599,8,1989,982,1034,1,2,WD
1600,8,1989,1191,1191,2,2,WD
1601,2,1941,480,540,1,1,ConLw
1602,6,1921,629,1107,1,1,COD
1603,4,1896,756,952,1,1,WD
1604,8,2004,1594,1646,2,2,WD
1605,8,1998,1049,1916,2,3,WD
1606,6,1977,1243,1285,2,2,WD
1607,6,1976,1958,2048,3,2,ConLD
1608,7,2008,1336,1346,2,3,WD
1609,7,2009,1214,1214,2,2,New
1610,5,2006,384,1444,2,2,WD
1611,5,1965,1068,1264,1,2,WD
1612,5,2004,1430,1430,2,2,WD
1613,5,1999,1344,1344,2,2,WD
1614,5,1973,945,945,1,1,WD
1615,4,1970,546,1092,1,0,WD
1616,4,1970,546,1092,1,0,WD
1617,4,1972,546,1092,1,1,WD
1618,5,1971,864,874,1,1,ConLD
1619,5,1984,833,833,1,2,WD
1620,5,1985,1216,2432,4,2,WD
1621,5,1991,624,1274,1,2,WD
1622,5,1969,864,1479,2,1,WD
1623,8,1994,1679,1803,2,2,WD
1624,6,1993,1152,1797,2,2,WD
1625,6,1956,882,882,1,1,WD
1626,6,1974,1434,1434,2,2,WD
1627,6,1997,945,1608,2,2,WD
1628,8,2003,1008,2283,2,3,WD
1629,7,1996,384,1628,2,2,WD
1630,8,2004,2208,2522,2,2,WD
1631,8,1998,1418,1478,2,2,WD
1632,8,1995,1587,1734,2,2,WD
1633,7,1998,384,1382,2,2,WD
1634,6,1998,952,1636,2,2,WD
1635,6,1994,707,1516,2,2,WD
1636,6,1993,1181,1190,2,2,WD
1637,5,1977,1122,1934,2,2,WD
1638,7,1978,832,2050,2,2,WD
1639,6,1978,1427,1671,2,2,WD
1640,7,1980,1043,2673,2,2,WD
1641,6,1978,1140,1707,2,2,WD
1642,7,2003,926,1884,2,2,WD
1643,8,2000,1058,1874,2,2,WD
1644,8,2002,972,1811,2,2,WD
1645,5,1975,1621,1621,2,2,WD
1646,6,1974,1116,1116,2,2,WD
1647,7,1975,1176,1193,2,2,WD
1648,5,1970,1180,1180,1,2,COD
1649,5,1971,1043,1050,1,1,WD
1650,4,1970,864,864,1,2,WD
1651,4,1971,864,864,1,2,WD
1652,6,1973,483,987,1,1,WD
1653,6,1972,483,987,1,1,WD
1654,6,1976,804,1548,2,2,WD
1655,7,1975,1057,1055,2,2,WD
1656,6,1977,855,1456,2,2,WD
1657,6,1978,804,1548,2,2,WD
1658,6,1978,855,1456,2,2,WD
1659,7,1976,836,836,1,1,WD
1660,5,1966,864,1120,1,2,WD
1661,9,2007,1776,2772,3,3,WD
1662,9,2009,1365,2690,2,3,New
1663,9,2008,2020,2020,2,3,WD
1664,10,2007,2630,2674,2,3,WD
1665,9,2008,1736,1736,2,3,WD
1666,8,2004,1782,1782,2,3,WD
1667,8,2007,1508,2520,2,3,WD
1668,9,2008,1739,1743,2,3,ConLI
1669,9,2006,1504,1531,2,3,WD
1670,9,2008,1774,1808,2,3,WD
1671,7,2003,1760,1760,2,2,WD
1672,9,2003,2452,2452,2,3,WD
1673,8,2003,1082,2400,3,3,WD
1674,8,2006,1598,1606,2,3,WD
1675,6,2005,1358,1358,2,2,WD
1676,6,2005,1306,1306,2,2,WD
1677,7,2007,1350,1358,2,2,WD
1678,10,2004,2492,2492,2,3,WD
1679,8,2003,2200,2200,2,3,WD
1680,9,2008,1884,1884,2,2,New
1681,9,2008,1451,1456,2,2,WD
1682,8,2002,1712,1712,2,3,WD
1683,7,2003,1405,1405,2,2,WD
1684,7,2005,728,1456,2,2,WD
1685,6,2005,745,1490,2,2,WD
1686,7,2005,1220,1220,2,2,WD
1687,7,2004,384,1374,2,2,WD
1688,7,2004,868,1630,2,2,WD
1689,7,2004,846,1594,2,2,WD
1690,7,2003,782,1489,2,2,WD
1691,7,2003,698,1342,2,2,WD
1692,8,2002,870,2004,2,3,WD
1693,7,2004,384,1374,2,2,WD
1694,6,2000,794,1514,2,2,WD
1695,7,1999,384,1430,2,2,WD
1696,7,1999,1177,2312,2,3,WD
1697,7,1999,384,1430,2,2,WD
1698,8,2000,1455,2687,2,3,WD
1699,8,1994,2024,2063,2,3,WD
1700,7,1995,1070,2061,2,2,WD
1701,8,1993,1173,2232,2,2,WD
1702,8,2008,1696,1696,2,3,WD
1703,8,2008,1614,1658,2,3,WD
1704,8,2007,1702,1702,2,3,WD
1705,8,2006,1422,1432,2,2,WD
1706,9,2005,2458,2490,2,3,WD
1707,7,2008,1436,1436,2,2,New
1708,7,2008,1402,1402,2,2,WD
1709,9,2007,1530,1530,2,3,WD
1710,8,2006,1372,1448,2,2,WD
1711,8,2006,900,1795,2,3,WD
1712,8,2008,1836,1836,2,2,New
1713,7,2006,1652,1662,2,3,WD
1714,7,2003,1553,1553,2,2,WD
1715,7,2003,812,1653,2,2,WD
1716,7,2007,1218,1218,1,2,WD
1717,7,2006,1141,1141,1,2,WD
1718,6,2004,1158,1158,1,0,WD
1719,7,2004,835,1812,2,2,WD
1720,8,2004,1512,1512,2,3,WD
1721,7,2004,1114,1114,1,2,WD
1722,5,2004,1114,1114,1,0,WD
1723,5,2003,1114,1114,2,2,WD
1724,7,2008,1450,1450,2,3,New
1725,7,1996,913,2122,2,2,WD
1726,6,1992,816,1730,2,2,WD
1727,6,1990,1332,1332,2,2,WD
1728,7,1994,754,1540,2,2,WD
1729,6,1986,676,1400,2,2,WD
1730,6,1981,0,1882,2,2,WD
1731,5,1962,980,980,1,2,WD
1732,5,1961,864,864,1,2,WD
1733,5,1961,864,864,1,1,WD
1734,5,1965,1024,1020,2,1,Oth
1735,5,1963,912,912,1,1,WD
1736,5,1962,912,912,1,1,WD
1737,8,1980,2014,2014,2,3,WD
1738,7,1991,975,1755,2,2,WD
1739,7,2004,1376,3005,2,3,WD
1740,6,2008,1726,1726,2,2,New
1741,6,2008,1145,1256,1,2,WD
1742,6,2000,756,1512,2,2,WD
1743,7,1999,691,1452,2,2,WD
1744,8,1977,1694,1694,2,2,WD
1745,7,1981,1740,1740,1,2,WD
1746,8,1976,392,2499,2,2,WD
1747,7,1974,752,2067,2,2,WD
1748,6,1967,932,2640,2,2,WD
1749,5,1969,1288,1336,2,2,WD
1750,6,1969,1216,1216,1,1,WD
1751,7,1977,908,2288,1,2,WD
1752,5,1967,864,864,1,1,WD
1753,5,1967,1568,1568,1,2,COD
1754,7,1974,1165,2061,2,2,COD
1755,6,1971,1232,1320,2,2,WD
1756,4,1960,894,894,1,2,WD
1757,5,1959,864,864,1,1,WD
1758,4,1957,1040,1362,1,3,WD
1759,5,1956,1048,1728,2,2,WD
1760,5,1961,1313,1313,1,2,WD
1761,5,1964,1292,1292,1,2,COD
1762,5,1965,744,2140,2,2,WD
1763,6,1961,1208,1576,1,2,WD
1764,5,1955,960,960,1,1,WD
1765,6,1967,1680,1691,1,2,WD
1766,6,1961,1453,1453,2,2,WD
1767,6,1966,1562,1567,2,2,WD
1768,5,1956,1169,1144,1,1,WD
1769,7,1960,1329,1329,1,2,WD
1770,6,1959,988,988,2,1,WD
1771,5,1956,1202,1202,1,1,COD
1772,5,1955,1382,1382,1,1,WD
1773,4,1956,1200,1200,1,1,WD
1774,5,1958,1866,1866,2,2,WD
1775,6,1954,1062,1062,1,1,WD
1776,5,1951,631,1112,1,2,WD
1777,5,1945,793,793,1,1,WD
1778,5,1952,1031,1031,1,1,WD
1779,5,1953,0,1210,1,1,ConLD
1780,7,1948,699,1527,1,2,WD
1781,5,1950,1200,1200,1,1,WD
1782,3,1958,792,792,1,1,WD
1783,5,1939,676,1352,2,2,WD
1784,4,1900,405,1039,1,1,WD
1785,5,1925,1054,1078,1,1,WD
1786,4,1915,1313,2377,2,2,WD
1787,7,1910,560,1690,2,2,WD
1788,2,1940,416,599,1,0,WD
1789,5,1920,720,846,1,2,WD
1790,3,1890,630,725,1,1,WD
1791,6,1969,1248,2544,2,3,WD
1792,6,1963,1380,1380,1,1,WD
1793,6,1967,1040,1040,1,2,WD
1794,6,1958,951,951,1,2,WD
1795,6,1957,1105,1105,1,1,WD
1796,6,1958,160,1142,1,1,WD
1797,6,1950,795,1133,1,2,COD
1798,5,1958,1041,1041,1,1,WD
1799,5,1952,732,732,1,1,WD
1800,5,1959,528,1183,1,1,WD
1801,4,1949,832,1461,2,1,WD
1802,6,1948,864,1495,1,2,COD
1803,6,1964,780,1806,1,2,WD
1804,5,1978,941,941,1,2,WD
1805,6,1963,1045,1045,1,1,WD
1806,6,1935,901,1378,1,1,WD
1807,6,1910,972,1944,2,2,WD
1808,5,1910,240,1306,1,2,WD
1809,5,1910,504,1464,2,0,WD
1810,5,1939,690,1558,1,2,WD
1811,4,1920,600,1701,2,0,WD
1812,5,1910,801,1447,1,0,WD
1813,5,1950,768,1328,1,1,WD
1814,4,1920,861,861,1,2,Oth
1815,2,1940,0,612,1,1,WD
1816,5,1923,624,792,1,1,WD
1817,4,1910,677,1510,2,2,WD
1818,6,1900,917,2007,2,1,WD
1819,6,1917,624,1288,1,1,WD
1820,4,1910,624,816,1,0,WD
1821,6,1920,972,1480,1,1,ConLI
1822,6,1910,741,1521,1,3,WD
1823,3,1900,245,797,1,0,WD
1824,6,1923,1022,1432,1,1,WD
1825,5,1930,297,1654,2,1,WD
1826,5,1924,468,1142,1,1,WD
1827,5,1925,960,995,1,1,WD
1828,5,1938,952,1582,2,1,WD
1829,5,1925,1072,1072,1,5,WD
1830,6,1915,1048,1768,2,2,WD
1831,7,1915,672,1944,2,1,WD
1832,5,1922,1040,2128,2,0,WD
1833,6,1927,720,1930,2,1,WD
1834,6,1915,483,1427,1,1,WD
1835,7,1902,1020,1864,2,0,WD
1836,6,1927,1204,1666,1,1,WD
1837,4,1923,858,892,1,0,COD
1838,6,1915,698,1403,1,1,WD
1839,4,1946,560,704,1,1,WD
1840,5,1987,1200,1200,3,0,WD
1841,5,1978,1152,1152,2,1,WD
1842,5,1934,585,1112,2,1,WD
1843,5,1967,1052,1052,1,1,WD
1844,6,1978,456,1034,1,2,WD
1845,5,1961,552,1774,2,1,WD
1846,6,1960,1138,1138,1,2,COD
1847,5,1956,825,2071,1,1,WD
1848,2,1947,0,660,1,0,WD
1849,4,1954,0,1383,1,2,WD
1850,5,1956,1073,1073,1,1,WD
1851,6,1946,747,1639,1,1,WD
1852,5,1954,1089,1089,1,1,WD
1853,5,1984,1049,1049,2,1,WD
1854,7,1990,1054,1061,1,2,WD
1855,6,1983,520,1338,1,2,WD
1856,7,1993,1079,1879,2,2,WD
1857,5,1880,0,2016,1,2,WD
1858,5,1979,0,2228,2,2,WD
1859,5,1979,0,1535,2,2,WD
1860,5,1979,1094,1229,0,2,WD
1861,5,1979,0,1513,2,2,WD
1862,7,2000,1168,2787,4,4,WD
1863,7,2000,1168,2787,4,4,WD
1864,7,2000,1168,2787,4,4,WD
1865,9,2009,1555,1680,1,3,New
1866,9,2008,1720,1720,2,3,WD
1867,8,2008,1468,1468,2,3,WD
1868,8,2007,1838,1838,2,2,WD
1869,7,2007,1282,1290,2,2,WD
1870,8,2008,1254,1254,2,3,WD
1871,8,2005,1498,1498,2,3,WD
1872,6,2005,704,1422,2,2,WD
1873,7,1992,1449,1759,2,2,WD
1874,5,1994,990,990,1,1,WD
1875,7,1998,1463,1463,2,2,WD
1876,6,1998,928,1772,2,2,WD
1877,7,2002,1431,1444,2,2,WD
1878,7,2001,1492,1492,2,2,WD
1879,5,1978,907,907,1,1,WD
1880,5,1979,914,914,1,2,WD
1881,7,2002,1569,1611,2,3,WD
1882,8,2003,1068,2184,2,2,WD
1883,7,2002,840,1725,2,2,WD
1884,7,2001,944,1870,2,2,WD
1885,8,1999,1462,1513,2,2,WD
1886,8,2002,1822,1828,2,2,WD
1887,7,1997,1417,1417,2,2,WD
1888,8,2007,1578,1602,2,3,WD
1889,6,2007,608,1396,2,2,WD
1890,4,1960,1014,1149,1,1,WD
1891,6,2005,547,1072,1,2,WD
1892,4,1959,876,876,1,1,WD
1893,5,1950,1078,1368,1,1,WD
1894,5,1959,1678,1678,2,0,WD
1895,5,1956,1150,1560,1,1,WD
1896,5,1941,720,1298,1,1,WD
1897,5,1938,832,1268,1,1,WD
1898,6,1935,583,1242,1,1,WD
1899,6,1916,816,1232,1,2,WD
1900,7,1918,600,1228,1,1,WD
1901,5,1940,840,1567,1,2,WD
1902,5,1960,1273,1273,1,1,WD
1903,7,1940,920,2480,2,2,WD
1904,5,1954,1112,1112,1,1,WD
1905,6,1960,1561,1561,2,2,WD
1906,5,1949,1067,1523,2,1,WD
1907,6,1954,1310,1906,1,2,WD
1908,6,1980,516,1032,1,2,WD
1909,6,1980,561,1229,1,2,WD
1910,6,1980,561,1229,1,2,WD
1911,6,1986,572,1982,2,2,WD
1912,7,1971,1803,2365,2,2,WD
1913,5,1900,760,2168,2,2,WD
1914,4,1925,572,572,1,1,WD
1915,8,2007,1596,1648,2,2,New
1916,2,1910,0,810,1,1,ConLD
1917,8,2000,1107,2052,2,3,WD
1918,6,1977,902,926,1,1,WD
1919,6,1977,957,1287,1,2,WD
1920,5,1991,1582,1595,2,2,COD
1921,9,2008,2190,2036,2,3,WD
1922,9,2008,1641,1641,2,3,WD
1923,6,1980,712,2237,2,2,WD
1924,7,1987,1645,1479,2,2,WD
1925,7,2003,912,2014,2,2,WD
1926,9,2007,1978,1978,2,3,WD
1927,5,1968,1008,1008,1,1,WD
1928,5,1969,1188,1404,2,2,WD
1929,5,1972,796,796,1,1,WD
1930,6,1993,384,1091,1,1,WD
1931,5,1992,828,883,1,2,WD
1932,5,1992,624,1287,1,2,WD
1933,5,1969,784,1632,1,2,WD
1934,6,1997,926,1604,2,2,WD
1935,6,1995,680,1470,2,2,WD
1936,6,1998,926,1604,2,2,WD
1937,6,1996,916,1636,2,2,WD
1938,5,1996,1348,1384,2,2,WD
1939,8,1997,1664,1682,1,2,WD
1940,8,1992,1280,1280,2,2,WD
1941,6,1998,932,1633,2,2,WD
1942,6,1991,836,1709,2,2,WD
1943,8,1989,1337,1337,2,2,WD
1944,8,2005,1168,2500,3,3,WD
1945,9,2004,1884,1884,2,3,WD
1946,6,1952,1632,1474,1,2,WD
1947,9,2007,1710,1710,2,2,WD
1948,6,1950,1488,1488,2,2,WD
1949,7,1988,1675,1688,2,2,WD
1950,7,1983,1260,1260,2,2,WD
1951,7,1978,2048,2064,2,2,WD
1952,7,1979,1782,1782,2,2,WD
1953,6,1976,1211,1211,2,2,WD
1954,7,1980,738,2044,2,2,WD
1955,5,1969,720,1308,1,2,WD
1956,7,1978,1420,2840,2,4,WD
1957,6,1976,1444,1444,2,2,WD
1958,8,1996,1236,2340,2,3,WD
1959,5,1974,896,1792,2,2,WD
1960,4,1969,936,936,1,1,COD
1961,5,1971,864,864,1,2,WD
1962,6,1973,483,987,1,1,WD
1963,6,1972,483,987,1,1,WD
1964,5,1972,630,1302,2,1,WD
1965,6,1975,855,1456,2,2,WD
1966,7,1977,1055,1055,2,2,WD
1967,8,2007,1582,1582,2,3,New
1968,8,2007,2418,2464,2,3,WD
1969,9,2007,1950,1950,2,3,WD
1970,9,2006,1850,2748,2,3,WD
1971,10,2005,1620,2790,2,4,WD
1972,9,2005,1414,2331,2,3,WD
1973,8,2007,948,2088,2,3,WD
1974,8,2004,1148,2332,2,3,WD
1975,10,2003,2535,2470,1,3,WD
1976,8,2003,1603,1575,2,3,WD
1977,8,2001,1479,2649,2,3,WD
1978,8,2003,1765,2690,2,3,WD
1979,9,2008,1858,1866,2,3,New
1980,7,2005,1367,1367,2,2,WD
1981,9,2007,1800,1800,2,3,New
1982,8,2006,1342,1342,2,2,WD
1983,8,2006,1342,1342,2,2,WD
1984,7,2003,764,1626,2,2,WD
1985,7,2003,1415,1455,2,3,WD
1986,7,2004,1393,1576,2,3,WD
1987,7,2007,1146,1246,2,2,New
1988,6,2004,789,1515,2,2,WD
1989,7,2002,840,1720,2,2,WD
1990,7,2003,847,1986,2,2,WD
1991,7,2007,1350,1358,2,2,New
1992,7,2000,982,1892,2,2,WD
1993,7,2002,707,1414,2,2,WD
1994,7,1999,1037,2322,2,2,WD
1995,7,1999,831,1651,2,2,WD
1996,8,1997,1173,2199,2,2,WD
1997,9,2000,1519,2172,2,3,WD
1998,8,1998,1982,2006,2,3,WD
1999,7,1996,1064,2125,2,2,WD
2000,8,1995,1242,2501,2,3,WD
2001,7,1993,1080,2197,2,3,WD
2002,7,2006,1578,1578,2,3,WD
2003,8,2007,1341,1861,3,3,WD
2004,8,2007,955,1874,2,3,New
2005,8,2006,1460,1460,2,2,WD
2006,8,2007,1363,1372,2,2,New
2007,8,2007,1660,1660,2,3,WD
2008,7,2007,1218,1218,2,2,New
2009,6,2003,835,1696,2,2,WD
2010,7,2003,835,1663,2,2,WD
2011,6,2005,1175,1175,1,0,WD
2012,7,2007,1162,1162,2,2,WD
2013,6,1995,754,1609,2,2,WD
2014,6,1993,886,1680,2,2,WD
2015,7,1994,832,1657,2,2,WD
2016,6,2001,827,1677,2,2,WD
2017,7,1992,836,1737,2,2,WD
2018,5,1963,984,984,1,1,WD
2019,5,1961,864,864,1,1,WD
2020,5,1968,890,890,1,1,WD
2021,5,1963,864,864,1,1,COD
2022,6,1974,1430,1430,2,2,WD
2023,5,1972,1001,1641,2,2,WD
2024,6,1990,930,2683,2,2,WD
2025,9,1993,1848,2786,2,2,WD
2026,7,2004,1235,1245,2,2,WD
2027,6,2005,600,1200,2,2,WD
2028,7,2007,689,1392,2,2,WD
2029,6,1999,744,1549,2,2,WD
2030,9,2000,1614,1638,2,2,WD
2031,9,2001,1310,1310,1,2,WD
2032,9,2001,1419,1419,1,2,WD
2033,9,1999,1557,1557,2,2,WD
2034,7,1999,672,1404,2,2,WD
2035,7,2001,858,1789,2,2,WD
2036,8,1999,960,1586,2,2,WD
2037,8,1999,960,1607,2,2,ConLD
2038,10,1998,970,2393,2,2,WD
2039,8,1995,1230,1239,1,2,WD
2040,9,1977,994,2944,2,3,WD
2041,8,1976,1426,1671,3,2,WD
2042,7,2002,952,1812,2,2,WD
2043,6,1969,1427,1427,2,2,WD
2044,6,1968,1740,1740,1,2,WD
2045,7,1967,1620,1620,2,2,WD
2046,5,1965,1625,1625,2,2,ConLD
2047,5,1968,732,1464,1,2,WD
2048,5,1965,912,925,1,2,WD
2049,5,1965,1728,1728,2,2,WD
2050,7,1971,825,1670,1,2,WD
2051,5,1956,0,1014,1,1,WD
2052,5,1961,1114,1114,1,2,COD
2053,5,1960,1118,1118,1,1,WD
2054,4,1937,348,906,1,1,WD
2055,5,1960,1296,1496,2,2,WD
2056,5,1950,572,1337,1,1,WD
2057,5,1953,1036,1036,1,1,WD
2058,6,1966,1104,1988,2,2,WD
2059,5,1957,1176,1176,1,1,WD
2060,5,1959,1248,1440,2,1,WD
2061,6,1958,1395,1570,1,2,WD
2062,5,1956,1104,1104,1,1,WD
2063,5,1952,720,882,1,1,WD
2064,5,1953,1152,1152,1,2,WD
2065,5,1953,984,950,1,2,WD
2066,6,1957,998,1790,2,2,WD
2067,5,1957,0,1764,2,1,WD
2068,5,1957,1824,1824,2,2,WD
2069,4,1948,0,869,1,1,WD
2070,5,1925,747,1159,1,1,WD
2071,4,1940,672,672,1,1,WD
2072,5,1922,892,1436,1,4,WD
2073,5,1968,912,1044,1,2,WD
2074,7,1958,1312,1312,1,2,WD
2075,6,1960,1081,1081,1,1,WD
2076,5,1951,876,876,1,2,WD
2077,5,1959,1256,1256,1,1,WD
2078,5,1962,1027,1027,1,1,WD
2079,6,1948,768,1320,2,2,WD
2080,6,1954,936,984,1,1,WD
2081,6,1954,854,1278,1,1,WD
2082,5,1961,1800,1800,2,0,WD
2083,5,1955,768,1588,1,2,WD
2084,5,1954,825,825,1,1,WD
2085,5,1963,1117,1117,1,1,COD
2086,6,2008,192,1133,1,1,WD
2087,5,1948,780,1323,1,2,WD
2088,5,1910,680,1360,1,1,WD
2089,5,1940,672,672,1,1,WD
2090,6,1915,728,1456,1,1,WD
2091,4,1910,828,1594,2,0,WD
2092,4,1940,801,1656,2,2,WD
2093,5,1920,936,1740,1,1,WD
2094,7,1920,931,1027,1,0,WD
2095,6,1940,884,1436,2,2,Con
2096,5,1910,481,899,1,1,WD
2097,5,1890,684,1080,1,0,WD
2098,5,1946,904,1499,1,3,WD
2099,2,1946,407,407,1,1,WD
2100,3,1949,448,1588,2,0,WD
2101,5,1900,797,1627,2,2,WD
2102,7,1920,624,1450,1,1,WD
2103,5,1900,346,1017,1,1,WD
2104,5,1920,973,2350,2,2,WD
2105,5,1905,572,1540,1,0,WD
2106,2,1920,723,1086,1,2,ConLD
2107,7,1890,1313,2495,2,2,WD
2108,5,1959,984,984,1,1,WD
2109,4,1958,869,1093,1,1,WD
2110,5,1928,1008,1143,1,1,WD
2111,7,1945,672,1668,1,1,WD
2112,5,1935,1024,1738,2,1,WD
2113,5,1941,672,1210,1,1,WD
2114,6,1900,554,1290,1,1,WD
2115,6,1940,981,1672,1,1,WD
2116,5,1924,949,949,1,2,WD
2117,6,1937,825,1497,2,1,WD
2118,6,1939,739,1342,2,1,WD
2119,6,1926,992,1013,1,1,WD
2120,5,1920,565,1216,1,1,WD
2121,4,1946,NA,896,1,1,ConLD
2122,4,1929,704,1136,1,1,WD
2123,5,1945,0,808,1,1,WD
2124,7,1939,989,2009,2,2,WD
2125,5,1923,1100,1902,2,2,WD
2126,6,1915,810,1716,2,2,WD
2127,6,1910,1242,1984,2,1,WD
2128,6,1910,796,1609,1,1,WD
2129,6,1930,768,768,1,2,WD
2130,6,1952,768,1536,1,1,COD
2131,6,1938,1272,1969,2,2,COD
2132,5,1915,880,1308,2,2,WD
2133,6,1925,1040,1040,1,2,WD
2134,6,1925,768,1236,2,1,WD
2135,5,1912,451,759,1,2,ConLD
2136,3,1915,536,1344,2,0,WD
2137,5,1947,1046,1054,1,1,WD
2138,5,1963,981,1075,1,2,WD
2139,6,1978,1008,1096,1,2,WD
2140,5,1967,992,992,1,1,WD
2141,6,1978,450,1034,1,2,WD
2142,5,1967,1073,1073,1,1,WD
2143,5,1984,1060,1126,1,2,WD
2144,5,1920,1300,1140,1,2,WD
2145,5,1963,960,960,1,1,WD
2146,6,1956,988,1188,1,2,WD
2147,5,1960,988,1721,2,2,WD
2148,5,1941,576,1350,1,3,WD
2149,5,1970,864,904,1,3,WD
2150,7,1979,1524,1524,2,2,WD
2151,7,1948,570,1079,1,1,WD
2152,5,1940,1580,1518,1,0,WD
2153,5,1956,1509,1509,1,1,WD
2154,5,1975,864,864,1,0,WD
2155,6,1962,621,1269,1,1,WD
2156,6,1995,1077,2814,2,2,WD
2157,7,1994,1602,1626,2,2,WD
2158,7,1993,812,2200,2,2,WD
2159,7,1996,672,2037,2,2,WD
2160,7,2007,628,1356,2,2,New
2161,8,2007,1615,1615,2,3,WD
2162,9,2008,2271,2276,2,3,WD
2163,9,2008,1751,1766,2,3,New
2164,8,1995,1401,1511,2,3,WD
2165,6,1966,1182,1643,2,2,WD
2166,5,1994,990,990,1,2,WD
2167,7,1997,1418,1418,2,2,WD
2168,6,1997,864,1771,2,2,WD
2169,7,2000,782,1652,2,2,WD
2170,7,2000,928,1823,2,2,WD
2171,5,1978,864,1174,1,2,WD
2172,5,1975,1076,1076,1,2,WD
2173,5,1975,864,1558,2,2,WD
2174,7,2001,1257,2161,2,2,WD
2175,9,2001,1357,1947,2,3,WD
2176,8,2002,1778,1786,2,3,WD
2177,7,2003,1129,2327,2,2,WD
2178,8,1999,850,1764,2,2,WD
2179,6,2004,848,848,1,2,WD
2180,6,1997,1838,1838,2,3,WD
2181,7,2004,1445,1445,2,2,WD
2182,7,2007,1564,1564,2,3,WD
2183,7,2007,1351,1361,2,2,WD
2184,5,1966,1092,1092,1,1,COD
2185,5,1976,456,1033,1,2,WD
2186,6,1976,1127,1127,1,2,WD
2187,6,1977,1029,1117,1,2,WD
2188,6,1976,684,1398,1,2,WD
2189,5,1959,0,3820,3,2,WD
2190,4,1955,0,1152,2,0,WD
2191,4,1955,0,1152,2,0,WD
2192,4,1955,784,784,1,0,WD
2193,5,1938,585,1053,1,0,WD
2194,5,1947,0,1137,1,0,WD
2195,4,1953,911,930,1,1,WD
2196,4,1954,416,1204,1,1,WD
2197,4,1923,949,1292,1,1,WD
2198,7,1921,1228,1424,2,1,WD
2199,6,1930,960,1920,2,2,WD
2200,6,1926,644,1316,1,1,WD
2201,6,1914,676,1264,1,2,WD
2202,8,1925,798,1512,2,1,WD
2203,6,1923,784,1603,1,2,WD
2204,5,1937,942,1938,2,1,WD
2205,5,1938,884,1374,1,1,WD
2206,6,1951,1091,1091,1,1,WD
2207,8,1935,608,1873,1,2,WD
2208,7,1950,832,2161,2,2,WD
2209,5,1956,1898,1898,2,2,WD
2210,6,1980,516,1032,1,2,WD
2211,6,1926,894,919,1,1,WD
2212,6,1940,720,1090,1,1,WD
2213,5,1930,780,1200,1,0,WD
2214,5,1967,624,1656,1,1,WD
2215,5,1930,520,912,1,1,WD
2216,5,1958,1151,1955,2,1,WD
2217,1,1952,0,733,1,2,WD
2218,4,1895,173,1361,1,1,WD
2219,4,1910,356,1049,1,1,WD
2220,4,1920,592,864,1,1,WD
2221,8,2007,1596,1648,2,2,New
2222,7,2004,1594,1646,2,2,WD
2223,7,1996,1840,2032,3,3,WD
2224,7,1996,910,1820,2,3,WD
2225,5,1976,0,1872,2,2,WD
2226,4,1991,1680,1689,2,2,WD
2227,7,1986,1277,1501,2,2,WD
2228,8,2006,1518,1537,2,3,WD
2229,8,2007,920,1780,2,2,New
2230,5,2006,352,1442,2,2,WD
2231,7,2008,796,1612,2,3,New
2232,6,1989,1495,1495,2,2,WD
2233,6,1986,1256,1256,2,2,WD
2234,8,2003,1432,1440,2,2,WD
2235,6,1999,1666,1675,2,2,WD
2236,8,2007,1884,1728,2,2,WD
2237,8,2005,1964,1964,2,3,WD
2238,7,1997,1344,1344,2,4,WD
2239,5,2007,1092,1092,1,0,WD
2240,6,1997,1189,1189,2,2,WD
2241,4,1964,1200,1200,1,3,ConLD
2242,5,1975,1040,1040,1,2,WD
2243,5,1976,550,1475,2,1,WD
2244,4,1973,526,988,1,1,WD
2245,4,1973,462,988,1,1,WD
2246,5,1968,1113,1160,1,1,WD
2247,6,1970,546,1092,2,0,WD
2248,5,1983,816,816,1,1,WD
2249,5,1982,845,845,1,1,WD
2250,5,1984,864,889,1,2,WD
2251,5,1900,686,1836,2,1,WD
2252,6,1971,1587,1587,2,2,WD
2253,6,1997,384,1384,2,2,WD
2254,6,1994,392,1694,2,2,WD
2255,6,1999,923,1714,2,2,WD
2256,7,1996,691,1553,2,2,WD
2257,6,1999,938,2299,3,2,WD
2258,7,1992,1168,1187,2,2,WD
2259,6,1993,903,1642,2,2,WD
2260,6,1964,1302,1128,1,2,WD
2261,8,1988,1166,1179,2,2,WD
2262,8,1990,1312,1321,1,2,WD
2263,8,2005,1149,2541,3,3,WD
2264,9,2006,2660,2338,2,3,New
2265,5,1969,1100,1424,1,3,WD
2266,9,2006,1612,1612,2,2,WD
2267,8,2006,2220,2234,1,2,WD
2268,10,2006,1742,2042,2,3,New
2269,6,1984,1284,1284,2,2,COD
2270,7,1981,725,1479,2,2,WD
2271,7,1978,1529,1664,2,2,WD
2272,7,1979,780,1930,2,2,WD
2273,6,1984,1153,1177,2,2,WD
2274,6,1979,1259,1353,2,2,WD
2275,6,1971,1625,1220,2,2,WD
2276,7,1976,1228,1324,2,2,WD
2277,6,1974,1084,1877,2,2,WD
2278,5,1970,925,1422,1,2,WD
2279,5,1970,914,914,1,1,WD
2280,4,1961,914,914,1,1,WD
2281,6,2001,1337,1337,2,2,WD
2282,6,1997,1405,1337,2,2,WD
2283,6,1973,525,1092,1,1,WD
2284,6,1973,672,1218,1,1,WD
2285,7,1978,1061,1055,2,1,WD
2286,5,1966,988,988,1,1,WD
2287,9,2006,1790,1816,2,3,New
2288,8,2006,1694,1694,2,3,New
2289,8,2007,2108,2122,2,3,New
2290,9,2007,1934,2656,2,3,New
2291,8,2006,1108,2550,2,3,New
2292,10,2005,1994,2046,2,3,WD
2293,9,2007,2552,2552,2,3,New
2294,9,2005,1704,2758,2,3,WD
2295,10,2007,2320,2290,2,3,New
2296,8,2007,1582,2152,2,2,New
2297,8,2007,918,2100,2,3,New
2298,9,2006,1802,1802,2,3,WD
2299,8,2004,1706,2956,2,3,WD
2300,8,2003,1317,2385,2,3,WD
2301,8,2007,895,1818,2,3,New
2302,7,2005,1614,1614,2,3,WD
2303,8,2005,1721,1721,2,2,WD
2304,8,2006,1298,1828,2,3,New
2305,6,2005,1302,1302,1,2,New
2306,6,2005,1302,1302,1,2,WD
2307,6,2005,1362,1362,2,2,WD
2308,8,2006,1554,1554,2,2,CWD
2309,9,2005,1577,1577,2,2,WD
2310,8,2006,1324,1324,2,2,New
2311,7,2003,1405,1405,2,2,WD
2312,6,2007,768,1496,3,2,New
2313,6,2005,768,1536,2,2,WD
2314,7,2006,608,1458,2,2,New
2315,6,2006,738,1495,2,2,New
2316,6,2006,698,1746,2,3,New
2317,6,2005,1326,1326,2,2,WD
2318,6,2007,752,1504,2,2,New
2319,7,2007,728,1456,2,2,New
2320,7,2007,1246,1258,2,2,New
2321,8,2003,1406,1589,2,3,WD
2322,7,2007,1266,1266,2,2,New
2323,7,2004,835,1119,2,2,WD
2324,7,2004,384,1374,2,2,WD
2325,7,2006,1510,1525,2,2,New
2326,7,2003,384,1394,2,2,WD
2327,7,2003,847,1948,2,2,WD
2328,7,2002,854,1995,2,2,WD
2329,6,2000,915,1690,2,2,WD
2330,6,1999,941,1644,2,2,WD
2331,8,1997,1779,2551,2,3,WD
2332,9,1998,1408,3078,2,3,WD
2333,8,1998,1389,2582,2,3,WD
2334,7,1998,1066,2385,2,3,WD
2335,8,1992,1105,2202,2,2,WD
2336,8,1996,1325,2538,2,3,WD
2337,7,2007,1369,1369,2,2,New
2338,8,2007,1542,1542,2,3,New
2339,8,2006,1524,1534,2,2,WD
2340,10,2007,1966,1966,2,3,New
2341,7,2007,1528,1528,3,2,New
2342,8,2005,1538,1538,2,2,WD
2343,7,2005,1494,1506,2,2,WD
2344,7,2006,982,1977,2,3,WD
2345,8,2006,1302,1830,2,3,WD
2346,8,2007,1338,1338,2,2,New
2347,7,2006,1335,1335,2,2,New
2348,8,2007,896,1792,2,2,New
2349,5,2007,725,1588,3,2,New
2350,8,2007,955,1880,2,3,New
2351,8,2007,1574,1584,2,2,New
2352,8,2006,1685,1685,2,3,WD
2353,6,2004,1158,2443,2,3,WD
2354,6,2006,1100,1100,1,0,New
2355,7,2006,1143,1143,1,0,WD
2356,5,2003,1094,1094,1,2,WD
2357,7,2006,1461,1486,2,2,WD
2358,6,1993,864,1820,2,2,WD
2359,6,1980,630,1266,1,1,WD
2360,5,1977,894,894,1,1,WD
2361,5,1968,1040,1040,1,2,WD
2362,7,1990,1223,2503,2,2,WD
2363,5,1974,1037,1037,1,2,WD
2364,6,1973,1044,1055,1,2,WD
2365,8,2004,1378,1378,2,2,WD
2366,8,2006,1141,1151,2,2,New
2367,8,2006,1511,1565,2,2,New
2368,7,2006,1352,1352,2,2,New
2369,8,2006,1550,1550,2,2,New
2370,6,1999,744,1501,2,2,WD
2371,6,2000,756,1573,2,2,WD
2372,7,1999,1339,1358,2,2,COD
2373,8,2003,1054,2048,2,2,WD
2374,8,1998,1220,2362,2,2,WD
2375,8,1994,1494,1494,1,2,WD
2376,7,1980,2002,2362,2,2,WD
2377,8,1981,2461,2497,2,2,WD
2378,6,1968,912,1152,1,2,CWD
2379,6,1970,1008,2411,2,2,WD
2380,6,1969,973,1082,1,2,WD
2381,6,1968,1295,1295,1,2,WD
2382,7,1972,1124,1610,2,2,WD
2383,7,1993,1594,1594,2,2,WD
2384,7,1993,1148,2075,2,2,WD
2385,6,1966,1093,1093,2,2,WD
2386,6,1963,1052,1052,1,1,COD
2387,5,1967,949,1107,1,1,WD
2388,4,1964,0,1224,2,3,WD
2389,5,1956,894,1074,1,2,WD
2390,5,1961,864,1187,1,2,CWD
2391,5,1961,964,964,1,2,WD
2392,5,1960,894,894,1,1,WD
2393,7,1966,1174,1200,2,2,CWD
2394,6,1965,1042,1042,2,2,WD
2395,6,1964,845,2154,2,2,WD
2396,6,1964,1130,1374,1,1,WD
2397,6,1959,1592,1652,1,2,WD
2398,5,1940,822,908,1,2,WD
2399,3,1946,666,666,1,0,WD
2400,3,1945,370,670,1,0,WD
2401,5,1958,808,808,1,1,COD
2402,5,1955,1078,1150,1,1,WD
2403,5,1968,1560,1560,2,3,WD
2404,5,1966,793,1280,2,2,WD
2405,6,1961,1218,1254,1,2,WD
2406,6,1957,936,936,1,1,WD
2407,5,1956,1008,1008,1,1,WD
2408,5,1963,1053,1053,1,2,WD
2409,5,1960,1144,1144,1,1,WD
2410,6,1957,1331,1721,1,2,WD
2411,5,1957,922,922,1,1,WD
2412,5,1955,1204,1411,1,1,COD
2413,5,1955,1216,1216,1,1,WD
2414,5,1953,864,1154,1,1,WD
2415,5,1958,1560,1560,2,2,WD
2416,6,1952,948,948,1,2,WD
2417,6,1953,1040,1040,1,1,WD
2418,5,1956,925,925,1,1,WD
2419,4,1955,1190,1540,1,1,WD
2420,5,1955,923,925,1,1,WD
2421,4,1953,1105,1647,1,1,WD
2422,5,1952,924,924,1,1,WD
2423,4,1890,925,1544,2,0,WD
2424,5,1953,1216,1728,1,1,WD
2425,5,1935,666,3086,3,3,WD
2426,4,1925,1151,1281,2,2,WD
2427,5,1895,736,1534,1,0,WD
2428,7,1963,725,1651,2,1,WD
2429,5,1961,920,888,1,1,COD
2430,6,1968,952,952,1,1,WD
2431,5,1950,864,1238,1,1,WD
2432,5,1959,1040,1040,1,1,WD
2433,5,1958,1170,1170,1,1,WD
2434,5,1960,1242,1242,1,1,WD
2435,5,1960,1377,1377,1,1,WD
2436,5,1961,0,925,1,1,WD
2437,5,1962,864,864,1,1,WD
2438,5,1962,896,936,1,1,WD
2439,5,1926,850,960,1,2,WD
2440,6,1927,845,1296,1,2,WD
2441,5,1922,1022,1022,1,1,WD
2442,5,1920,967,967,1,1,WD
2443,5,1940,808,1072,1,2,WD
2444,5,1900,680,1174,1,2,WD
2445,4,1900,570,1141,1,1,ConLw
2446,4,1900,1075,1798,2,2,WD
2447,8,1910,725,1772,2,2,WD
2448,6,1927,728,1642,1,1,WD
2449,5,1910,616,1232,1,2,WD
2450,6,1910,926,1650,2,2,WD
2451,5,1930,687,1358,1,1,WD
2452,7,1879,819,2454,2,2,WD
2453,4,1956,0,968,1,1,WD
2454,4,1949,0,1382,2,1,WD
2455,5,1925,756,1060,1,1,WD
2456,5,1950,910,1435,1,1,WD
2457,5,1939,728,1274,2,1,CWD
2458,6,1939,600,1232,1,1,WD
2459,5,1939,884,884,1,1,WD
2460,6,1938,861,1409,1,2,WD
2461,5,1939,672,1322,1,1,WD
2462,5,1930,966,1426,1,1,WD
2463,5,1926,756,1281,1,2,WD
2464,6,1918,1100,2264,2,1,WD
2465,6,1920,768,1376,1,2,WD
2466,5,1926,750,1316,1,2,ConLw
2467,7,1929,672,1344,1,2,WD
2468,5,1901,592,1173,2,1,WD
2469,5,1901,969,1214,1,1,WD
2470,6,1963,741,2294,3,2,WD
2471,7,1950,976,1952,1,1,WD
2472,6,1915,1138,2180,1,2,WD
2473,4,1958,808,1315,2,2,COD
2474,4,1910,771,1484,2,1,COD
2475,7,1937,1005,2267,1,2,WD
2476,5,1942,672,1282,1,1,WD
2477,5,1963,925,999,1,1,WD
2478,5,1964,1420,1452,1,2,WD
2479,4,1964,1005,1005,1,2,WD
2480,5,1964,980,1020,2,2,WD
2481,5,1966,1040,1040,1,1,WD
2482,5,1971,768,868,1,2,WD
2483,5,1968,876,897,1,1,WD
2484,5,1967,943,943,1,2,WD
2485,5,1966,912,912,1,1,WD
2486,5,1956,1240,1375,1,1,WD
2487,5,1920,671,2654,3,2,WD
2488,7,1940,680,1302,1,1,WD
2489,6,1954,967,1299,1,2,WD
2490,5,1958,1158,1176,1,1,NA
2491,4,1945,0,998,1,2,WD
2492,6,1984,1190,1522,2,2,WD
2493,5,1948,409,1325,2,2,WD
2494,5,1953,1073,1630,2,2,COD
2495,4,1946,484,1242,1,1,WD
2496,6,1954,1288,2422,3,2,WD
2497,6,1954,988,1626,1,1,WD
2498,5,1958,864,864,1,1,WD
2499,4,1958,0,943,1,1,WD
2500,5,1984,1038,1038,2,1,WD
2501,5,1951,1342,1342,1,1,WD
2502,5,1951,1080,1480,1,1,WD
2503,4,1920,951,1362,2,1,WD
2504,6,1984,1105,1822,2,2,WD
2505,7,1994,779,1958,2,2,CWD
2506,8,2007,1643,1651,2,3,New
2507,8,2006,2140,2140,2,3,New
2508,8,2007,1643,1651,2,3,New
2509,7,2005,1546,1546,2,3,WD
2510,8,2006,1489,1500,2,2,WD
2511,7,2005,1270,1270,2,2,WD
2512,7,2005,879,1795,2,2,WD
2513,7,1988,929,1873,2,2,WD
2514,8,1976,966,1743,0,2,WD
2515,5,1994,1022,1022,1,2,WD
2516,6,1997,635,1308,2,2,WD
2517,5,1994,990,990,1,1,WD
2518,5,1996,1097,1097,1,1,WD
2519,7,1999,988,1873,2,2,WD
2520,7,1998,853,1753,2,2,WD
2521,7,2001,845,1690,2,2,WD
2522,7,2000,985,1842,2,2,WD
2523,5,1974,864,894,1,2,WD
2524,5,1976,1015,1025,2,2,WD
2525,5,1977,995,1009,2,2,WD
2526,5,1977,1040,1040,1,2,WD
2527,5,1977,876,907,1,1,WD
2528,5,1975,864,879,1,2,Con
2529,5,1972,864,864,1,2,WD
2530,4,1972,385,875,1,2,WD
2531,7,2000,1673,1673,2,2,WD
2532,7,2003,979,1932,2,2,WD
2533,7,2002,860,1729,2,2,WD
2534,8,1994,1556,1592,2,2,WD
2535,8,2001,1531,2439,2,2,WD
2536,7,1996,860,1992,2,2,WD
2537,8,1999,1341,1341,1,2,WD
2538,7,2007,738,1476,2,2,New
2539,7,2005,1169,1190,2,2,WD
2540,6,2006,1330,1330,2,2,New
2541,7,2006,738,1491,2,2,WD
2542,5,2005,768,1536,2,2,WD
2543,5,1967,936,936,1,1,WD
2544,4,1963,1088,1088,1,2,COD
2545,5,1925,901,1351,1,2,WD
2546,6,1960,1179,1179,1,2,WD
2547,6,1976,960,1044,1,2,WD
2548,5,1979,0,2233,2,2,WD
2549,5,2005,734,1408,2,2,WD
2550,10,2008,5095,5095,2,3,New
2551,6,2005,547,1072,1,2,WD
2552,5,1959,960,960,1,1,WD
2553,4,1955,0,1152,2,0,WD
2554,5,1946,1195,1195,2,0,WD
2555,6,1920,660,865,1,1,WD
2556,4,1955,768,768,1,1,WD
2557,4,1955,864,864,1,2,COD
2558,5,1923,1296,2592,2,0,WD
2559,5,1926,1290,1422,1,1,WD
2560,6,1921,651,1298,2,1,WD
2561,7,1930,531,1098,1,1,WD
2562,6,1921,585,1436,1,1,CWD
2563,6,1926,686,1461,1,1,WD
2564,7,1927,851,1718,2,2,WD
2565,5,1951,0,1226,1,2,WD
2566,4,1930,930,1755,2,1,WD
2567,5,1941,728,1355,2,2,WD
2568,6,1960,1560,1560,1,2,WD
2569,6,1968,1488,1488,2,2,CWD
2570,6,1980,516,1045,1,2,WD
2571,4,1995,1680,1680,2,2,WD
2572,8,1988,1004,1020,1,2,WD
2573,7,1971,1696,1696,2,2,WD
2574,8,1986,279,2726,2,2,WD
2575,6,1940,720,1215,1,2,WD
2576,5,1925,936,1601,2,0,WD
2577,5,1923,859,1828,2,NA,WD
2578,5,1922,816,816,1,1,WD
2579,2,1939,0,845,1,1,WD
2580,5,1895,957,1991,2,0,WD
2581,4,1957,1073,1073,1,2,WD
2582,5,1930,837,1001,1,1,WD
2583,8,2006,1573,1625,2,2,New
2584,6,1979,1001,1299,2,2,WD
2585,5,2002,1441,1392,2,3,WD
2586,7,2002,1409,1409,1,2,WD
2587,7,1991,1454,1478,2,2,WD
2588,7,1975,852,918,1,1,WD
2589,6,1974,970,1026,1,2,WD
2590,7,1987,1501,1501,2,2,WD
2591,6,1958,585,2279,2,2,WD
2592,7,2006,1689,1689,2,2,New
2593,8,2006,1546,1564,2,2,New
2594,7,1985,1265,1240,2,2,WD
2595,8,2001,1267,1312,2,2,WD
2596,8,2002,1922,1922,2,3,WD
2597,6,1996,1491,1491,2,2,WD
2598,7,2003,1122,2486,3,2,WD
2599,10,2006,1824,1824,2,3,New
2600,3,1953,0,2034,1,4,WD
2601,6,1996,920,936,0,2,WD
2602,4,1972,546,1092,1,1,WD
2603,4,1970,530,992,1,1,WD
2604,4,1970,546,1092,1,0,WD
2605,4,1976,546,1092,1,1,COD
2606,5,1977,923,1008,1,2,WD
2607,6,1977,1244,1356,2,2,WD
2608,5,1977,1160,1676,1,2,WD
2609,5,1977,716,1432,1,2,WD
2610,5,1971,796,796,1,0,WD
2611,4,1961,1396,1608,1,1,COD
2612,5,1976,1090,1178,1,2,WD
2613,5,1983,816,816,1,1,WD
2614,5,1984,864,887,1,1,WD
2615,6,1954,1178,1293,2,2,WD
2616,6,1956,1008,1024,1,1,WD
2617,5,1957,1617,1797,1,3,WD
2618,6,1957,1705,1390,1,2,WD
2619,7,1969,1851,1851,2,2,WD
2620,6,1997,813,1525,2,2,WD
2621,6,1995,781,1671,2,2,WD
2622,6,1996,821,1776,2,2,WD
2623,8,2005,1074,2064,2,2,WD
2624,7,2005,1700,2212,2,3,New
2625,8,1994,2062,2687,2,2,WD
2626,6,1993,1160,1169,2,2,WD
2627,8,1987,1191,1204,2,2,WD
2628,9,2005,1398,2798,3,3,New
2629,10,2006,1528,3390,3,3,New
2630,9,2006,1094,2473,2,3,New
2631,10,2006,1850,2698,2,3,New
2632,9,2005,1390,2795,3,3,New
2633,9,2005,1714,1714,2,2,WD
2634,9,2005,1910,2000,2,3,WD
2635,6,1980,988,1102,1,2,WD
2636,7,1978,945,1857,2,2,WD
2637,7,1976,1047,1083,1,2,WD
2638,7,2005,960,2318,2,2,New
2639,6,1975,675,1875,3,2,WD
2640,6,1974,1103,1103,2,2,WD
2641,4,1971,864,874,1,2,WD
2642,6,2002,1487,1419,2,2,WD
2643,6,1973,525,1092,1,2,WD
2644,5,1973,765,1365,1,2,WD
2645,6,1972,494,1030,1,1,WD
2646,6,1972,483,948,1,1,WD
2647,6,1972,525,1092,1,1,WD
2648,6,1975,1069,1069,2,2,WD
2649,5,1967,943,1387,1,1,WD
2650,7,1976,1055,1055,2,1,WD
2651,6,1976,855,1456,2,2,WD
2652,9,2006,1738,2589,2,3,New
2653,8,2004,1618,1618,2,3,WD
2654,7,2006,1721,1740,2,3,New
2655,9,2005,1868,1868,2,3,WD
2656,9,2005,1090,2206,2,3,New
2657,9,2005,1606,2091,2,2,New
2658,8,2005,1209,2253,2,2,New
2659,8,2006,1054,2389,2,3,New
2660,8,2005,1524,2358,2,3,New
2661,9,2005,1792,1792,2,3,New
2662,9,2004,1780,1780,2,3,WD
2663,8,2004,1420,1914,2,3,WD
2664,9,2005,1560,1565,2,2,WD
2665,9,2006,1686,1686,2,3,New
2666,9,2006,1666,1666,2,2,New
2667,6,2005,728,1456,2,2,New
2668,7,2006,738,1492,2,2,New
2669,6,2006,1326,1326,2,2,New
2670,8,2004,1052,2373,2,3,New
2671,7,2006,738,1492,2,2,New
2672,7,2006,1220,1364,2,2,New
2673,7,2002,1368,1511,2,2,WD
2674,7,2004,1365,1548,2,2,WD
2675,7,2005,1142,1142,2,2,New
2676,7,2004,848,1598,2,2,WD
2677,6,2000,982,1889,2,2,WD
2678,7,2006,1035,2322,3,3,New
2679,8,1998,1044,1976,2,3,WD
2680,8,2000,1160,2234,2,3,WD
2681,9,2000,1540,2855,2,3,WD
2682,8,1995,1342,2726,2,3,WD
2683,9,1993,1733,3500,3,3,WD
2684,8,1994,1290,2494,2,3,WD
2685,8,1993,1286,2799,2,3,WD
2686,8,2005,1100,1964,2,2,New
2687,8,2006,1670,1670,2,3,New
2688,8,2006,1504,1504,2,2,New
2689,8,2006,1278,1278,2,2,New
2690,9,2006,2036,2640,3,3,New
2691,6,2005,858,1716,2,2,WD
2692,6,2005,1142,1142,1,0,WD
2693,7,2005,1400,1400,2,2,New
2694,6,2005,1131,1131,1,0,New
2695,7,2005,891,1686,2,2,WD
2696,7,2005,784,1585,2,2,WD
2697,6,1997,941,1837,2,2,WD
2698,6,1992,836,1731,2,2,WD
2699,6,1990,1398,1398,2,2,WD
2700,6,1991,1217,1217,2,2,WD
2701,6,1994,636,1320,2,2,WD
2702,5,1962,988,988,1,2,WD
2703,6,1977,0,1654,2,2,WD
2704,5,1962,864,1211,1,2,WD
2705,5,1965,984,984,1,1,WD
2706,5,1968,882,909,1,1,COD
2707,5,1963,925,925,1,2,WD
2708,5,1965,1024,1024,1,1,WD
2709,5,1964,912,912,1,0,WD
2710,5,1967,912,941,1,1,WD
2711,7,1974,1748,2646,2,2,WD
2712,8,1992,1334,2826,2,3,WD
2713,7,2004,1143,1143,1,2,WD
2714,7,2005,600,1223,2,2,WD
2715,6,2000,756,1524,2,2,WD
2716,7,2003,530,1080,2,2,WD
2717,7,1997,569,1694,2,1,WD
2718,8,2001,1568,1568,2,2,WD
2719,5,1972,1153,1193,2,2,WD
2720,7,1967,1334,1334,2,2,WD
2721,5,1968,1051,1051,1,2,WD
2722,5,1968,900,1770,1,2,WD
2723,6,1968,976,976,1,2,WD
2724,5,1968,833,898,1,1,WD
2725,5,1966,1051,1051,1,1,WD
2726,5,1967,1141,1141,1,1,WD
2727,6,1965,1187,1565,2,1,WD
2728,6,1964,1008,1488,1,2,WD
2729,5,1964,720,1440,1,2,WD
2730,5,1960,1248,1248,1,1,WD
2731,6,1934,816,816,1,1,WD
2732,5,1947,938,1043,1,1,WD
2733,5,1961,1251,1433,1,2,WD
2734,5,1952,1444,1624,1,1,WD
2735,5,1951,1056,1216,1,1,WD
2736,5,1949,704,1728,1,1,WD
2737,5,1954,936,936,1,1,WD
2738,5,1967,1584,1584,2,2,WD
2739,6,1964,1246,1246,1,2,WD
2740,6,1963,1008,1008,1,2,WD
2741,5,1957,1179,1364,1,1,WD
2742,6,1958,1121,1336,1,2,WD
2743,5,1956,1058,1370,1,1,WD
2744,6,1956,1124,1124,1,1,WD
2745,6,1954,1050,1050,1,1,WD
2746,5,1952,1008,1008,1,1,WD
2747,6,1951,216,1575,1,2,WD
2748,5,1956,301,1145,1,2,WD
2749,5,1956,1005,1005,1,1,WD
2750,5,1955,1056,1056,1,1,WD
2751,5,1951,884,884,1,1,WD
2752,7,1941,929,2039,1,3,COD
2753,5,1956,1015,1384,1,2,WD
2754,5,1925,2171,2640,2,3,WD
2755,6,1947,784,1312,1,2,WD
2756,3,1930,713,713,1,1,WD
2757,3,1929,715,715,1,2,WD
2758,4,1900,448,720,1,1,WD
2759,6,1915,663,1595,2,2,WD
2760,4,1910,1077,1760,1,2,COD
2761,6,1963,1083,1146,1,1,WD
2762,6,1962,1135,1207,1,1,WD
2763,6,1961,1313,1773,2,2,WD
2764,7,1959,0,1472,2,2,WD
2765,7,1962,1438,2448,3,2,WD
2766,4,1950,910,1521,1,1,WD
2767,3,1950,0,1040,2,2,WD
2768,5,1960,1556,1556,2,0,WD
2769,5,1961,1150,1150,1,1,WD
2770,7,1962,1045,1045,1,2,WD
2771,5,1962,864,864,1,1,WD
2772,5,1962,1025,1025,1,0,WD
2773,5,1900,716,2014,2,2,WD
2774,5,1948,1212,1668,1,1,WD
2775,4,1920,1147,1657,1,1,WD
2776,6,1900,780,1416,1,2,WD
2777,7,1900,712,1428,1,2,WD
2778,7,1930,502,1004,1,1,WD
2779,4,1900,938,1951,2,2,WD
2780,6,1924,1032,1032,1,1,COD
2781,5,1925,844,844,1,1,WD
2782,4,1950,576,864,1,1,COD
2783,3,1905,738,1376,1,1,WD
2784,5,1955,960,960,1,2,WD
2785,5,1924,816,1566,1,2,WD
2786,3,1921,492,492,1,1,WD
2787,6,1945,770,1182,1,1,WD
2788,3,1920,798,840,1,1,WD
2789,7,1910,1226,2104,2,2,WD
2790,5,1920,624,1248,2,0,WD
2791,5,1958,960,960,1,2,WD
2792,3,1918,1020,1020,1,0,ConLD
2793,6,1924,848,1827,1,1,WD
2794,3,1930,728,1162,1,1,ConLI
2795,5,1930,741,1324,1,1,WD
2796,5,1925,816,816,1,1,WD
2797,6,1962,1595,2486,2,2,WD
2798,4,1924,596,1430,2,2,WD
2799,5,1910,396,1330,1,1,WD
2800,5,1919,610,819,1,0,WD
2801,6,1930,984,984,1,1,ConLI
2802,5,1951,806,1422,1,1,WD
2803,6,1964,1921,1921,2,2,WD
2804,5,1950,0,1640,1,2,WD
2805,5,1935,0,1032,1,1,WD
2806,5,1936,830,879,1,1,WD
2807,7,2004,1073,1073,2,1,WD
2808,5,1967,1064,1064,1,2,WD
2809,6,1964,912,934,1,1,WD
2810,5,1966,1059,1059,1,1,WD
2811,5,1967,1176,1458,1,2,WD
2812,6,1978,960,1040,1,2,WD
2813,5,1977,1967,1967,2,2,WD
2814,5,1977,1949,1949,2,2,WD
2815,5,1924,872,872,1,1,WD
2816,7,1967,1865,1830,1,2,WD
2817,5,1963,1000,1000,1,2,WD
2818,5,1971,782,810,1,2,WD
2819,7,1980,430,1700,2,1,WD
2820,4,1954,967,1350,1,2,WD
2821,5,1942,799,1150,1,1,WD
2822,6,1928,672,2009,2,3,WD
2823,6,1935,1836,3672,3,2,WD
2824,5,1962,1776,1560,2,2,WD
2825,5,1952,0,1488,1,2,WD
2826,5,1955,1057,1057,1,1,WD
2827,6,1953,1000,1609,1,1,WD
2828,6,1989,868,2559,2,2,WD
2829,6,1993,1344,1440,2,4,WD
2830,7,2005,1308,1876,2,3,New
2831,7,2005,1208,1208,2,2,WD
2832,6,2006,1836,1846,2,2,New
2833,8,2005,1570,1590,2,3,New
2834,7,2005,945,1809,2,2,New
2835,7,2005,1614,1614,2,2,WD
2836,7,2005,784,1596,2,2,WD
2837,6,1968,1388,1388,2,2,COD
2838,5,1996,1100,1100,1,2,WD
2839,6,1995,781,1499,2,2,WD
2840,7,1998,1425,1425,2,2,WD
2841,7,1999,842,1749,2,2,WD
2842,7,1999,951,1779,2,2,WD
2843,6,1977,675,1388,1,1,WD
2844,6,1978,995,1282,2,3,WD
2845,5,1972,864,864,1,1,WD
2846,7,2002,826,1762,2,2,WD
2847,6,1999,840,1755,2,2,WD
2848,8,2002,1348,1358,1,2,WD
2849,7,2002,872,1909,2,2,WD
2850,8,1999,1090,2214,2,3,WD
2851,7,1996,1065,2049,2,2,WD
2852,7,1998,1054,1939,2,3,WD
2853,7,1995,930,1995,2,2,WD
2854,6,2003,848,848,1,2,WD
2855,7,2003,1390,1390,2,2,WD
2856,7,2006,851,1737,2,2,New
2857,7,2005,784,1611,2,2,WD
2858,7,2005,1336,1336,2,2,New
2859,4,1910,676,1436,2,2,WD
2860,6,1975,976,1012,2,0,WD
2861,5,1969,1176,1176,1,1,WD
2862,7,2003,796,1724,2,2,WD
2863,6,2002,914,914,1,0,WD
2864,7,2003,1150,2314,2,2,ConLD
2865,6,2005,547,1072,1,2,New
2866,7,2004,970,1709,2,2,WD
2867,4,1948,624,936,1,1,WD
2868,6,1915,832,1338,2,2,WD
2869,4,1924,1093,1669,1,1,WD
2870,4,1954,954,1482,2,2,WD
2871,4,1922,864,1414,1,0,COD
2872,2,1922,498,498,1,1,ConLD
2873,4,1910,616,1273,1,1,WD
2874,5,1938,1058,1551,2,1,WD
2875,6,1945,780,1340,1,1,WD
2876,7,1926,624,1479,1,1,WD
2877,6,1920,755,1510,1,1,WD
2878,7,1919,818,1636,1,1,WD
2879,5,1939,992,1465,2,1,WD
2880,5,1941,824,1288,1,1,WD
2881,6,1920,817,1550,1,1,WD
2882,5,1940,901,1717,1,1,WD
2883,7,1929,1022,1671,2,2,WD
2884,7,1932,637,1609,1,3,WD
2885,6,1930,697,1801,1,2,WD
2886,5,1950,1168,2315,2,1,WD
2887,5,1942,976,976,1,1,WD
2888,6,1926,861,1285,1,2,WD
2889,4,1925,432,672,1,0,WD
2890,4,1925,641,641,1,1,WD
2891,6,1957,967,1638,2,1,WD
2892,3,1945,0,729,1,0,WD
2893,5,1951,660,1396,2,0,WD
2894,3,1916,216,936,1,0,WD
2895,8,2005,1573,1778,2,2,New
2896,8,2004,1594,1646,2,2,WD
2897,6,1979,1625,1625,2,2,WD
2898,6,1978,1664,1664,2,2,WD
2899,8,2001,1491,1491,2,2,WD
2900,6,1975,1128,1210,2,2,WD
2901,6,1958,1632,1650,1,2,WD
2902,6,2000,1381,1403,2,2,WD
2903,8,2005,1728,1960,2,3,New
2904,9,2005,1838,1838,2,3,New
2905,1,1951,0,1600,1,1,WD
2906,7,1997,1288,1368,2,4,WD
2907,5,1977,264,1304,1,1,WD
2908,5,1968,864,874,1,1,WD
2909,5,1970,1652,1652,2,3,WD
2910,4,1970,630,630,1,0,WD
2911,4,1972,546,1092,1,1,WD
2912,5,1969,1104,1360,1,1,WD
2913,4,1970,546,1092,1,1,WD
2914,4,1970,546,1092,1,0,WD
2915,4,1970,546,1092,1,0,WD
2916,4,1970,546,1092,1,1,WD
2917,5,1960,1224,1224,1,2,WD
2918,5,1992,912,970,1,0,WD
2919,7,1993,996,2000,2,3,WD
